,DataMessageGUID,SensorID,Sensor Name,Date,Value,Formatted Value,Battery,just_date,residuals
4801,c4ea67df-2c80-49c1-913e-1b0874d21075,339947,Temperature - 339947 @Admin AirCond,12/13/2017 9:09,8.4,8.4Â° C,100,2017-12-13,-20.021200044415014
6167,eb99389e-5f1b-4792-b156-d70a0414f52f,339947,Temperature - 339947 @Admin AirCond,12/22/2017 20:33,8.2,8.2Â° C,100,2017-12-22,-19.913092869290228
6168,ddefc793-c4bf-4eeb-97f9-0945474602a9,339947,Temperature - 339947 @Admin AirCond,12/22/2017 20:43,8.2,8.2Â° C,100,2017-12-22,-19.991221496621037
6677,0f8ba34f-9b75-4593-915a-68baaea68143,339947,Temperature - 339947 @Admin AirCond,12/26/2017 9:27,7.7,7.7Â° C,100,2017-12-26,-19.825076621584348
9039,c504074c-d6c3-4185-baf6-2e19e734af3c,339947,Temperature - 339947 @Admin AirCond,1/12/2018 14:24,7.6,7.6Â° C,100,2018-01-12,-20.081172042289303
9040,209ecd32-9fd3-46a9-bca5-3865088b3d52,339947,Temperature - 339947 @Admin AirCond,1/12/2018 14:34,8.0,8Â° C,100,2018-01-12,-19.813968242324187
9041,751ccaf1-eb2e-45e9-aa71-d817b7f04aac,339947,Temperature - 339947 @Admin AirCond,1/12/2018 14:44,7.7,7.7Â° C,100,2018-01-12,-20.08342505941896
9042,15087904-8aa3-4452-bd36-a7aaeb29ad9c,339947,Temperature - 339947 @Admin AirCond,1/12/2018 14:54,7.7,7.7Â° C,100,2018-01-12,-20.020939952738782
9435,596b1aa7-7504-4e87-ae2e-40b1e3aa4c20,339947,Temperature - 339947 @Admin AirCond,1/15/2018 8:18,8.5,8.5Â° C,100,2018-01-15,-19.88578928617045
9436,5c378861-c375-4721-8074-1c0e501780d9,339947,Temperature - 339947 @Admin AirCond,1/15/2018 8:28,7.7,7.7Â° C,100,2018-01-15,-20.619311569473115
9437,173f9cd8-effe-4390-bf47-c61d197e5a90,339947,Temperature - 339947 @Admin AirCond,1/15/2018 8:38,7.6,7.6Â° C,100,2018-01-15,-20.675701366387393
9438,0123bbb4-7909-44a9-91a0-297d0c862e98,339947,Temperature - 339947 @Admin AirCond,1/15/2018 8:47,7.3,7.3Â° C,100,2018-01-15,-21.055866117929625
9439,9f42131f-2c5c-4894-974a-9bca2933ad2d,339947,Temperature - 339947 @Admin AirCond,1/15/2018 8:57,7.7,7.7Â° C,100,2018-01-15,-20.66434302918147
10285,275bc9d2-b7fc-4ccc-be5c-7adef4d64cb7,339947,Temperature - 339947 @Admin AirCond,1/26/2018 8:40,8.5,8.5Â° C,100,2018-01-26,-19.75102283670099
10286,442b4eea-6a2e-4879-ac88-641bdb2b50d9,339947,Temperature - 339947 @Admin AirCond,1/26/2018 8:50,8.4,8.4Â° C,100,2018-01-26,-19.798519934913628
10711,da197308-ec8d-4d2a-8dc4-855bd5f38194,339947,Temperature - 339947 @Admin AirCond,1/29/2018 8:57,8.0,8Â° C,100,2018-01-29,-20.027833623747554
10924,28886d34-1693-4cd2-90f8-0fb009940743,339947,Temperature - 339947 @Admin AirCond,1/30/2018 20:24,7.9,7.9Â° C,100,2018-01-30,-19.747869403948414
11005,433c38aa-7eb6-41d5-afed-f64a18173cc0,339947,Temperature - 339947 @Admin AirCond,1/31/2018 9:52,7.9,7.9Â° C,100,2018-01-31,-19.731106268319486
11144,6d14c05d-e962-48f0-811e-14dd25450792,339947,Temperature - 339947 @Admin AirCond,2/1/2018 8:31,7.7,7.7Â° C,100,2018-02-01,-20.06585965638491
11145,5ae0b4b4-1829-4b8e-857e-621e1e98532c,339947,Temperature - 339947 @Admin AirCond,2/1/2018 8:40,7.9,7.9Â° C,100,2018-02-01,-19.732413348978877
11875,8de63173-d13a-4c3c-a9d5-ce88cf5a0776,339947,Temperature - 339947 @Admin AirCond,2/6/2018 8:50,8.0,8Â° C,100,2018-02-06,-19.715301111093254
13079,1d9f32fa-85b0-439c-9a3b-5ca99089a783,339947,Temperature - 339947 @Admin AirCond,2/14/2018 10:37,8.0,8Â° C,100,2018-02-14,-19.874525695158
13091,f73f2b57-1624-47eb-96ee-2964f62544e5,339947,Temperature - 339947 @Admin AirCond,2/14/2018 12:07,8.3,8.3Â° C,100,2018-02-14,-19.71697167132505
13092,5e032055-1763-43ea-b83a-701df97abb56,339947,Temperature - 339947 @Admin AirCond,2/14/2018 12:17,8.1,8.1Â° C,100,2018-02-14,-19.830011123222405
13093,9d9e8d08-aee4-4b7f-8c4d-af163c05e3e8,339947,Temperature - 339947 @Admin AirCond,2/14/2018 12:27,8.2,8.2Â° C,100,2018-02-14,-19.85477072189716
13943,9405c1f3-73c8-4ef5-a4c0-bd7990d01fdd,339947,Temperature - 339947 @Admin AirCond,2/20/2018 8:55,8.1,8.1Â° C,100,2018-02-20,-19.92683154805216
13947,9fa76a3f-a28c-4e8c-bfc2-772bcd03d6de,339947,Temperature - 339947 @Admin AirCond,2/20/2018 9:35,7.8,7.8Â° C,100,2018-02-20,-20.114290627677207
13948,875966bc-5504-46af-84fa-8e362efdb9df,339947,Temperature - 339947 @Admin AirCond,2/20/2018 9:45,7.6,7.6Â° C,100,2018-02-20,-20.384476631703247
13949,c546a91e-3cb6-4ca9-9041-0c1739852fb8,339947,Temperature - 339947 @Admin AirCond,2/20/2018 9:55,8.0,8Â° C,100,2018-02-20,-20.00638677366033
13950,bb99515e-05f2-4f37-92d8-2f18135f8909,339947,Temperature - 339947 @Admin AirCond,2/20/2018 10:05,8.1,8.1Â° C,100,2018-02-20,-19.956246098920495
13951,af56ab19-0fdd-4832-a48a-11a2b2b9fb34,339947,Temperature - 339947 @Admin AirCond,2/20/2018 10:15,8.2,8.2Â° C,100,2018-02-20,-19.80102375448919
13952,9ab717c8-2c6f-4c30-9979-8af6efe730af,339947,Temperature - 339947 @Admin AirCond,2/20/2018 10:25,8.2,8.2Â° C,100,2018-02-20,-19.945075457244815
13953,cb8d17a7-d9f6-4ca3-8576-c7d818f694e1,339947,Temperature - 339947 @Admin AirCond,2/20/2018 10:35,8.3,8.3Â° C,100,2018-02-20,-19.773700662722767
13960,55a8ac49-97c9-4439-8f53-1a0fbb1f34e1,339947,Temperature - 339947 @Admin AirCond,2/20/2018 11:45,8.3,8.3Â° C,100,2018-02-20,-19.915274923209974
13970,ca7f7772-70e0-4199-af23-246e19a3414e,339947,Temperature - 339947 @Admin AirCond,2/20/2018 13:14,8.4,8.4Â° C,100,2018-02-20,-19.791232081041475
13971,120f798d-1ef5-4b47-82bc-ad084d7bc1c3,339947,Temperature - 339947 @Admin AirCond,2/20/2018 13:24,8.3,8.3Â° C,100,2018-02-20,-19.78973024477714
13979,2dc4d808-0f55-4c42-96b3-9b4bdb9eae45,339947,Temperature - 339947 @Admin AirCond,2/20/2018 14:34,8.3,8.3Â° C,100,2018-02-20,-19.975224650454912
13981,6ca293e6-f086-4fb8-8f55-09e2938a7492,339947,Temperature - 339947 @Admin AirCond,2/20/2018 14:44,8.4,8.4Â° C,100,2018-02-20,-19.808750037421067
14093,7bc960ef-8804-4095-b7fc-e686d3e1ea7a,339947,Temperature - 339947 @Admin AirCond,2/21/2018 9:23,8.2,8.2Â° C,100,2018-02-21,-19.853086161628514
14094,348f6b64-8371-4906-8cca-5e5fe5d70143,339947,Temperature - 339947 @Admin AirCond,2/21/2018 9:33,8.0,8Â° C,100,2018-02-21,-19.99786381719721
14095,bd42e5fb-f563-4454-ba20-83aa92e9a21b,339947,Temperature - 339947 @Admin AirCond,2/21/2018 9:43,8.2,8.2Â° C,100,2018-02-21,-19.941915519952843
14096,41b87080-98d1-40ac-be07-b0aa963373fa,339947,Temperature - 339947 @Admin AirCond,2/21/2018 9:53,8.2,8.2Â° C,100,2018-02-21,-19.870540725430793
14097,007bf127-7e8a-4819-a2a2-5b98e132cd8f,339947,Temperature - 339947 @Admin AirCond,2/21/2018 10:03,8.3,8.3Â° C,100,2018-02-21,-19.82548172038242
14098,3e0ea1b3-1710-4d0a-8ce5-d158dd72d01b,339947,Temperature - 339947 @Admin AirCond,2/21/2018 10:13,8.4,8.4Â° C,100,2018-02-21,-19.734687688110824
14099,82e98ead-f8b1-40db-bf89-7924946384af,339947,Temperature - 339947 @Admin AirCond,2/21/2018 10:23,8.4,8.4Â° C,100,2018-02-21,-19.721026142227615
14100,d60b8f86-9180-4460-b016-7c06874c8c63,339947,Temperature - 339947 @Admin AirCond,2/21/2018 10:33,8.1,8.1Â° C,100,2018-02-21,-20.004460785092135
14101,4b8f6109-e0a2-4c8b-8e8c-81f8a647b77d,339947,Temperature - 339947 @Admin AirCond,2/21/2018 10:43,8.1,8.1Â° C,100,2018-02-21,-20.017840981495674
14102,41b5d78b-2a2a-4588-ad16-af10636d9971,339947,Temperature - 339947 @Admin AirCond,2/21/2018 10:53,8.3,8.3Â° C,100,2018-02-21,-19.843199399314823
14103,da8b5bbc-b5e5-47ef-aa05-295f94ab4ce0,339947,Temperature - 339947 @Admin AirCond,2/21/2018 11:03,8.0,8Â° C,100,2018-02-21,-20.212114985918003
14104,9e3aad0f-0925-47a5-ba8a-691b850b2a51,339947,Temperature - 339947 @Admin AirCond,2/21/2018 11:13,8.0,8Â° C,100,2018-02-21,-20.3661485398533
14105,78f400fb-c771-414c-b02c-4760e6ff3a32,339947,Temperature - 339947 @Admin AirCond,2/21/2018 11:23,7.8,7.8Â° C,100,2018-02-21,-20.602033273461924
14107,c60bd09b-a5fc-4c2b-b142-1a50c9d7f021,339947,Temperature - 339947 @Admin AirCond,2/21/2018 11:33,7.8,7.8Â° C,100,2018-02-21,-20.525939785654938
14108,36f0a2e4-059f-4b31-bb95-b50b210bbf66,339947,Temperature - 339947 @Admin AirCond,2/21/2018 11:43,8.1,8.1Â° C,100,2018-02-21,-20.052387132693685
14109,e311e0e9-8653-4c8f-b69a-0339127c9a10,339947,Temperature - 339947 @Admin AirCond,2/21/2018 11:53,8.1,8.1Â° C,100,2018-02-21,-20.073934298244232
14110,6178fb76-674b-4347-bb37-62e39e4e5f62,339947,Temperature - 339947 @Admin AirCond,2/21/2018 12:02,8.1,8.1Â° C,100,2018-02-21,-20.083140265972638
14111,42f305a1-7d31-4b68-bd34-24f04c300749,339947,Temperature - 339947 @Admin AirCond,2/21/2018 12:12,8.3,8.3Â° C,100,2018-02-21,-19.90468743152318
14269,3d6004fd-b6a4-4d21-ba44-8d254d56084e,339947,Temperature - 339947 @Admin AirCond,2/22/2018 14:30,8.4,8.4Â° C,100,2018-02-22,-19.703169577589307
14813,0a3687d9-bdaf-4efd-b03c-17cf9a608e4e,339947,Temperature - 339947 @Admin AirCond,2/26/2018 8:46,8.5,8.5Â° C,100,2018-02-26,-19.810229428631978
14818,7a5ae4e5-f5d2-4f69-93a3-3e0d352cd515,339947,Temperature - 339947 @Admin AirCond,2/26/2018 9:36,8.2,8.2Â° C,100,2018-02-26,-19.943378306391367
14819,eaa8dc80-c10f-49de-9c51-a939a8c0cb16,339947,Temperature - 339947 @Admin AirCond,2/26/2018 9:46,8.3,8.3Â° C,100,2018-02-26,-19.872367428585708
14820,6d598cd9-056e-4bc3-9928-6f202ac83923,339947,Temperature - 339947 @Admin AirCond,2/26/2018 9:56,8.3,8.3Â° C,100,2018-02-26,-19.77086653263124
14822,add87ef0-a54e-4a47-b18a-3ba78ed94cb3,339947,Temperature - 339947 @Admin AirCond,2/26/2018 10:16,8.5,8.5Â° C,100,2018-02-26,-19.852801219851145
14823,88909f41-fb8e-4cea-a742-6534f614d453,339947,Temperature - 339947 @Admin AirCond,2/26/2018 10:26,8.4,8.4Â° C,100,2018-02-26,-20.073441884695214
14824,1820e8d4-fc6a-4430-9f77-f4023f035417,339947,Temperature - 339947 @Admin AirCond,2/26/2018 10:36,8.2,8.2Â° C,100,2018-02-26,-20.31295732267904
14825,59b0de3a-7f8e-438b-a1cf-91662a105df4,339947,Temperature - 339947 @Admin AirCond,2/26/2018 10:46,8.2,8.2Â° C,100,2018-02-26,-20.19131123616195
14826,e22ced2e-cddf-4849-a9d2-1699034c69d5,339947,Temperature - 339947 @Admin AirCond,2/26/2018 10:56,8.1,8.1Â° C,100,2018-02-26,-20.258412881042318
15106,6102cb57-84ea-4b83-a6d8-77a8342b3932,339947,Temperature - 339947 @Admin AirCond,2/28/2018 9:12,8.2,8.2Â° C,100,2018-02-28,-20.30690073485651
15107,2d70b255-a663-46c7-8ea4-716b07cc7d7e,339947,Temperature - 339947 @Admin AirCond,2/28/2018 9:22,8.5,8.5Â° C,100,2018-02-28,-19.88525464833942
15108,a4f5b608-ebc5-44d7-a04a-e9713aef331e,339947,Temperature - 339947 @Admin AirCond,2/28/2018 9:32,8.3,8.3Â° C,100,2018-02-28,-20.052356293219788
15110,4e2d3088-7324-4efa-b279-554fcec11d01,339947,Temperature - 339947 @Admin AirCond,2/28/2018 9:52,8.1,8.1Â° C,100,2018-02-28,-20.08383725993153
15111,7083d38c-7524-46fb-b02b-b85b57557cb9,339947,Temperature - 339947 @Admin AirCond,2/28/2018 10:02,8.4,8.4Â° C,100,2018-02-28,-19.74023110081916
15112,6e9f6b05-dc82-46e9-8db1-19813bbd3053,339947,Temperature - 339947 @Admin AirCond,2/28/2018 10:12,8.2,8.2Â° C,100,2018-02-28,-20.02039989633474
15250,0a5d093a-22d2-4635-8b3e-5d501f15fe33,339947,Temperature - 339947 @Admin AirCond,3/1/2018 8:50,8.5,8.5Â° C,100,2018-03-01,-19.849327999308525
15252,10fdfec3-742c-4514-a3d9-c5b27526e4a6,339947,Temperature - 339947 @Admin AirCond,3/1/2018 9:10,8.4,8.4Â° C,100,2018-03-01,-19.780808966020263
15972,52f1906b-6452-4bbf-93cb-35f4147aa0ba,339947,Temperature - 339947 @Admin AirCond,3/6/2018 8:59,7.6,7.6Â° C,100,2018-03-06,-20.06723423055803
15973,3ebd96df-1d95-46dc-aa12-1a29ddc4eb47,339947,Temperature - 339947 @Admin AirCond,3/6/2018 9:09,7.8,7.8Â° C,100,2018-03-06,-19.855571041525618
16178,2e8e61e2-70d4-4218-a7b9-f59a27c8353b,339947,Temperature - 339947 @Admin AirCond,3/7/2018 19:16,7.7,7.7Â° C,100,2018-03-07,-19.877803127209052
16258,7fb8b31c-19d2-4d76-9a3a-6caed981da23,339947,Temperature - 339947 @Admin AirCond,3/8/2018 8:35,7.7,7.7Â° C,100,2018-03-08,-19.91381452294379
16259,d9823061-f766-4d39-83b2-ab0490e3e697,339947,Temperature - 339947 @Admin AirCond,3/8/2018 8:45,7.8,7.8Â° C,100,2018-03-08,-19.75133463699668
18734,d1655ef6-814f-4116-b9f6-8ca71a9f70c9,339947,Temperature - 339947 @Admin AirCond,4/1/2018 14:59,8.3,8.3Â° C,100,2018-04-01,-19.730155067370028
27146,9b871345-4a4b-4ee2-9925-0c9ecd916fb1,339948,Temperature - 339948 @ Admin Air Cond,6/18/2018 8:06,7.7,7.7Â° C,100,2018-06-18,-20.044714352623853
27147,c7ff782a-eca2-435e-9488-a4a8642b1f6b,339948,Temperature - 339948 @ Admin Air Cond,6/18/2018 8:16,7.7,7.7Â° C,100,2018-06-18,-20.024370924027128
27148,980723d8-dac0-4405-a85c-79c71b336a4b,339948,Temperature - 339948 @ Admin Air Cond,6/18/2018 8:26,7.2,7.2Â° C,100,2018-06-18,-20.596404990893195
27164,9d253231-2422-480a-99ec-694d449e979b,339948,Temperature - 339948 @ Admin Air Cond,6/18/2018 11:06,8.3,8.3Â° C,100,2018-06-18,-19.911744979080616
27165,0f493fcc-8bd1-402b-a9d1-cd92a8c629a0,339948,Temperature - 339948 @ Admin Air Cond,6/18/2018 11:16,7.5,7.5Â° C,100,2018-06-18,-20.53822550692672
27166,647ab646-0bbb-41bc-99a3-5d748a12260c,339948,Temperature - 339948 @ Admin Air Cond,6/18/2018 11:26,7.5,7.5Â° C,100,2018-06-18,-20.559805853284626
27167,a99324d8-f108-4827-982c-7169fdda87c9,339948,Temperature - 339948 @ Admin Air Cond,6/18/2018 11:36,6.9,6.9Â° C,100,2018-06-18,-21.169045001820386
27168,9116758b-21bb-4fd4-8fb4-901a8201eb21,339948,Temperature - 339948 @ Admin Air Cond,6/18/2018 11:46,7.2,7.2Â° C,100,2018-06-18,-20.890625348178283
27169,e251a4ce-b491-4f39-aafc-7914449bac82,339948,Temperature - 339948 @ Admin Air Cond,6/18/2018 11:56,7.3,7.3Â° C,100,2018-06-18,-20.745055059327473
27170,91a69e7c-3964-4d5a-9e74-4b147443c007,339948,Temperature - 339948 @ Admin Air Cond,6/18/2018 12:06,7.1,7.1Â° C,100,2018-06-18,-20.97407642201932
27171,c671fc88-c8de-46c6-8286-ce5cedb896a1,339948,Temperature - 339948 @ Admin Air Cond,6/18/2018 12:16,7.6,7.6Â° C,100,2018-06-18,-20.37260776656234
27172,d107ce20-a038-4318-b275-38178edc989f,339948,Temperature - 339948 @ Admin Air Cond,6/18/2018 12:26,7.3,7.3Â° C,100,2018-06-18,-20.82304473723966
27173,20396ab4-024e-4c4b-8c7f-e5845b52cc48,339948,Temperature - 339948 @ Admin Air Cond,6/18/2018 12:36,6.8,6.8Â° C,100,2018-06-18,-21.45460693477723
27174,f38236ca-8db3-429b-ac25-13b48fbfa63b,339948,Temperature - 339948 @ Admin Air Cond,6/18/2018 12:46,7.3,7.3Â° C,100,2018-06-18,-21.075279840118803
27175,cccdfff8-4eea-4ab2-88f0-a8b8ef1977f2,339948,Temperature - 339948 @ Admin Air Cond,6/18/2018 12:56,7.0,7Â° C,100,2018-06-18,-21.414827518600124
27176,cde71c72-fb9c-4f3f-b4d0-35f83ec32f5c,339948,Temperature - 339948 @ Admin Air Cond,6/18/2018 13:06,7.1,7.1Â° C,100,2018-06-18,-21.193213672580526
27188,53bd7672-f6fb-4ae1-8a1c-c5bd33e2ca11,339948,Temperature - 339948 @ Admin Air Cond,6/18/2018 15:06,7.5,7.5Â° C,100,2018-06-18,-20.33294007932908
27193,177ab7dc-c294-4e24-ba8b-3d493eae4ca6,339948,Temperature - 339948 @ Admin Air Cond,6/18/2018 15:56,7.8,7.8Â° C,100,2018-06-18,-19.822330014385376
27425,2d74702b-ad86-4bbb-b813-8b8dfdfd7bfd,339948,Temperature - 339948 @ Admin Air Cond,6/20/2018 6:34,7.9,7.9Â° C,100,2018-06-20,-19.84334613705231
27427,c164b0d4-0c36-4182-bea0-b757b1fe7595,339948,Temperature - 339948 @ Admin Air Cond,6/20/2018 6:54,7.6,7.6Â° C,100,2018-06-20,-20.12734167550314
28290,62b72ce8-d581-4474-b77b-3a154a19d5ef,339948,Temperature - 339948 @ Admin Air Cond,6/26/2018 6:36,8.2,8.2Â° C,100,2018-06-26,-19.87198179747717
28480,a8064f95-b19b-4c7b-a387-1556318a0595,339948,Temperature - 339948 @ Admin Air Cond,6/27/2018 14:14,6.9,6.9Â° C,100,2018-06-27,-20.684397564382113
28481,31f5c1b6-47b4-469b-a9ce-7c271b3bd604,339948,Temperature - 339948 @ Admin Air Cond,6/27/2018 14:24,7.3,7.3Â° C,100,2018-06-27,-20.42419965564975
28482,d88fffc8-d7e9-4d7e-b565-6a5541546513,339948,Temperature - 339948 @ Admin Air Cond,6/27/2018 14:34,7.3,7.3Â° C,100,2018-06-27,-20.39709265600829
28483,3ba22b44-9c47-40ee-aca1-f1d0d965b662,339948,Temperature - 339948 @ Admin Air Cond,6/27/2018 14:44,6.9,6.9Â° C,100,2018-06-27,-20.748894747275923
28484,d468354e-31f6-4d78-b125-aab4baf62ed5,339948,Temperature - 339948 @ Admin Air Cond,6/27/2018 14:54,7.1,7.1Â° C,100,2018-06-27,-20.430151383998105
28485,26d1ca00-41ad-4476-982b-3561093689d5,339948,Temperature - 339948 @ Admin Air Cond,6/27/2018 15:04,7.1,7.1Â° C,100,2018-06-27,-20.46340802072028
28486,a14f90d5-feff-4a49-8d98-3ed5b40302e3,339948,Temperature - 339948 @ Admin Air Cond,6/27/2018 15:14,6.9,6.9Â° C,100,2018-06-27,-20.579028293806097
28487,34467b84-01a6-4012-94a4-2f1d3be711dd,339948,Temperature - 339948 @ Admin Air Cond,6/27/2018 15:24,7.1,7.1Â° C,100,2018-06-27,-20.23428493052827
28488,33de4b09-f61f-4fbc-83ca-6edb40678249,339948,Temperature - 339948 @ Admin Air Cond,6/27/2018 15:34,6.6,6.6Â° C,100,2018-06-27,-20.634450658159544
28489,48e3436f-87a5-4631-b0f5-67631b1f9308,339948,Temperature - 339948 @ Admin Air Cond,6/27/2018 15:44,6.5,6.5Â° C,100,2018-06-27,-20.77679820397263
28490,4d2ac4bd-9b1c-4928-b4ba-0df74c6ec1ca,339948,Temperature - 339948 @ Admin Air Cond,6/27/2018 15:54,7.2,7.2Â° C,100,2018-06-27,-20.04078211342208
28491,ce9fa126-d19a-4b8c-8a27-9526a5950c9c,339948,Temperature - 339948 @ Admin Air Cond,6/27/2018 16:04,7.0,7Â° C,100,2018-06-27,-20.143675113780617
28492,6e0b993d-7833-4adb-8793-a8475053cd32,339948,Temperature - 339948 @ Admin Air Cond,6/27/2018 16:14,6.9,6.9Â° C,100,2018-06-27,-20.348568114139162
28493,cc9426d6-9181-45c2-bc3c-f289c432e49a,339948,Temperature - 339948 @ Admin Air Cond,6/27/2018 16:24,6.9,6.9Â° C,100,2018-06-27,-20.174552023588618
28494,88041168-14e0-454d-93a4-55c2d9d87391,339948,Temperature - 339948 @ Admin Air Cond,6/27/2018 16:34,7.0,7Â° C,100,2018-06-27,-20.034899569401702
28495,d2a88a2c-1db0-47d7-b407-881c3907a726,339948,Temperature - 339948 @ Admin Air Cond,6/27/2018 16:44,6.9,6.9Â° C,100,2018-06-27,-20.11997438794206
28496,f4204d65-ae94-44f9-bf45-362d17a4a79c,339948,Temperature - 339948 @ Admin Air Cond,6/27/2018 16:54,6.6,6.6Â° C,100,2018-06-27,-20.457049206482424
28497,0353919c-61ee-473c-b6e2-302b169a50d1,339948,Temperature - 339948 @ Admin Air Cond,6/27/2018 17:04,6.6,6.6Â° C,100,2018-06-27,-20.35539675229551
28590,76e24e6d-9234-4dfb-bf37-75fc9011a01b,339948,Temperature - 339948 @ Admin Air Cond,6/28/2018 8:33,7.7,7.7Â° C,100,2018-06-28,-20.308207984615542
28591,a459227a-15c1-4fef-9442-d4a3c534fca7,339948,Temperature - 339948 @ Admin Air Cond,6/28/2018 8:43,7.5,7.5Â° C,100,2018-06-28,-20.395306227695684
28592,0f0eebe0-5658-4f14-ad08-3e8989018a1e,339948,Temperature - 339948 @ Admin Air Cond,6/28/2018 8:53,7.6,7.6Â° C,100,2018-06-28,-20.248284688561665
28593,03f2f255-a58b-4948-ba76-a889fca10ae9,339948,Temperature - 339948 @ Admin Air Cond,6/28/2018 9:03,7.7,7.7Â° C,100,2018-06-28,-20.057524492440354
28594,d3513add-7526-4d35-9cbc-65de74feaec8,339948,Temperature - 339948 @ Admin Air Cond,6/28/2018 9:13,7.6,7.6Â° C,100,2018-06-28,-20.082916746409786
28595,d34650c0-df91-40fd-9c73-7e041bbfeb12,339948,Temperature - 339948 @ Admin Air Cond,6/28/2018 9:23,7.4,7.4Â° C,100,2018-06-28,-20.309760906005348
64208,46df6180-f643-43cb-b4c4-262f12ba3240,339948,Temperature - 339948 @ Admin Air Cond,3/8/2019 8:50,9.5,9.5Â° C,100,2019-03-08,-20.411081414684592
64210,318c3700-2003-4a28-b732-5fdc67c1de15,339948,Temperature - 339948 @ Admin Air Cond,3/8/2019 9:10,10.0,10Â° C,100,2019-03-08,-19.947798374072025
64211,6f19f222-235e-4106-894c-8e9fcec6929b,339948,Temperature - 339948 @ Admin Air Cond,3/8/2019 9:20,10.1,10.1Â° C,100,2019-03-08,-19.856356490789334
64643,dfa87602-e3eb-49d0-b5f9-becedae536a7,339948,Temperature - 339948 @ Admin Air Cond,3/11/2019 8:57,9.6,9.6Â° C,100,2019-03-11,-19.888128116527295
64672,02d4842f-dde7-449e-833f-905752e516d9,339948,Temperature - 339948 @ Admin Air Cond,3/11/2019 13:46,9.7,9.7Â° C,100,2019-03-11,-19.694016944665535
64783,17f82548-b733-47f2-8871-6c853089b9d2,339948,Temperature - 339948 @ Admin Air Cond,3/12/2019 8:15,9.7,9.7Â° C,100,2019-03-12,-19.795902431511706
64784,6b136817-6a76-4e9d-824c-b5e4f9bdac4d,339948,Temperature - 339948 @ Admin Air Cond,3/12/2019 8:25,9.7,9.7Â° C,100,2019-03-12,-19.77324457726713
64932,42800aa9-87cb-4ca3-b1c2-bba037779822,339948,Temperature - 339948 @ Admin Air Cond,3/13/2019 8:54,9.6,9.6Â° C,100,2019-03-13,-19.707546420701473
65711,35d647fe-3b51-450c-912f-87d0c52e49ed,339948,Temperature - 339948 @ Admin Air Cond,3/18/2019 18:37,10.0,10Â° C,100,2019-03-18,-19.820010454443164
65712,da712f11-ec0a-405a-8a97-59620e805458,339948,Temperature - 339948 @ Admin Air Cond,3/18/2019 18:47,10.0,10Â° C,100,2019-03-18,-19.747625338990108
65713,860a7634-cdaa-427e-87d1-781a9f69bfd7,339948,Temperature - 339948 @ Admin Air Cond,3/18/2019 18:57,9.9,9.9Â° C,100,2019-03-18,-19.887036956749387
65714,44aa39ea-8072-4e6d-b77d-d945bf3e0893,339948,Temperature - 339948 @ Admin Air Cond,3/18/2019 19:07,9.7,9.7Â° C,100,2019-03-18,-20.09378069792065
66662,c158142c-987d-4169-82db-3de719c24aa1,339948,Temperature - 339948 @ Admin Air Cond,3/25/2019 8:49,9.6,9.6Â° C,100,2019-03-25,-19.823691875907688
66947,9037dc76-51bf-41db-bd74-d6983f97be64,339948,Temperature - 339948 @ Admin Air Cond,3/27/2019 8:37,9.7,9.7Â° C,100,2019-03-27,-19.713063184104545
67293,91c322e4-a31c-4c1e-8765-24542f312e9a,339948,Temperature - 339948 @ Admin Air Cond,3/29/2019 18:03,10.0,10Â° C,100,2019-03-29,-20.0834251571903
67294,7a31743c-4494-4f26-96ab-64aa1fd91ab7,339948,Temperature - 339948 @ Admin Air Cond,3/29/2019 18:13,10.1,10.1Â° C,100,2019-03-29,-19.939897262085076
67408,5dc822d8-7e78-4948-b096-a00ae753645e,339948,Temperature - 339948 @ Admin Air Cond,3/30/2019 13:02,10.2,10.2Â° C,100,2019-03-30,-19.825619931860725
67409,8ed8b078-3748-472d-81de-b12c8d9ece16,339948,Temperature - 339948 @ Admin Air Cond,3/30/2019 13:12,9.3,9.3Â° C,100,2019-03-30,-20.65432434165568
67410,fefbfbb6-865f-4709-ac00-a5bb5b4fe7e8,339948,Temperature - 339948 @ Admin Air Cond,3/30/2019 13:22,9.9,9.9Â° C,100,2019-03-30,-20.10934454092432
67411,2420fb1f-4e1d-490e-954b-a996461734ac,339948,Temperature - 339948 @ Admin Air Cond,3/30/2019 13:32,9.7,9.7Â° C,100,2019-03-30,-20.318629712969727
67412,55ba6b50-5e4f-4f51-890f-ba9183333f02,339948,Temperature - 339948 @ Admin Air Cond,3/30/2019 13:42,9.5,9.5Â° C,100,2019-03-30,-20.50504737140352
67413,2f86cca3-bb96-483b-a868-9d1b6f8c43a1,339948,Temperature - 339948 @ Admin Air Cond,3/30/2019 13:52,10.0,10Â° C,100,2019-03-30,-19.988561218585048
67414,5214e989-4fcc-42e7-9739-f9d324007a75,339948,Temperature - 339948 @ Admin Air Cond,3/30/2019 14:02,10.3,10.3Â° C,100,2019-03-30,-19.702020619305593
67416,9a1b7e5e-6652-41a1-9a0e-2aeeba480f35,339948,Temperature - 339948 @ Admin Air Cond,3/30/2019 14:22,10.0,10Â° C,100,2019-03-30,-20.096453032361932
67417,9e732ae9-96d7-4849-8a99-01f879bf2a99,339948,Temperature - 339948 @ Admin Air Cond,3/30/2019 14:32,10.0,10Â° C,100,2019-03-30,-20.25056579061424
67418,f976238c-b7e6-41c6-9577-bb37c688289a,339948,Temperature - 339948 @ Admin Air Cond,3/30/2019 14:42,10.0,10Â° C,100,2019-03-30,-20.28652972853987
67421,91e3444d-d861-4478-951d-907c9b38b497,339948,Temperature - 339948 @ Admin Air Cond,3/30/2019 15:12,10.2,10.2Â° C,100,2019-03-30,-19.858668366273196
67422,00dccff1-1c5d-479b-8d03-eac2911e86f3,339948,Temperature - 339948 @ Admin Air Cond,3/30/2019 15:22,10.3,10.3Â° C,100,2019-03-30,-19.7679535383186
67423,dcc390c4-45c0-424e-b7b8-4a9c0e50b10d,339948,Temperature - 339948 @ Admin Air Cond,3/30/2019 15:32,10.3,10.3Â° C,100,2019-03-30,-19.78957990818615
67430,7feee52d-dcac-4117-9757-61bf4e50615d,339948,Temperature - 339948 @ Admin Air Cond,3/30/2019 16:42,10.7,10.7Â° C,100,2019-03-30,-19.714104243175527
67436,1b2372ba-1190-4cac-b1cb-a36ca8eddd1e,339948,Temperature - 339948 @ Admin Air Cond,3/30/2019 17:42,10.3,10.3Â° C,100,2019-03-30,-19.828072988696622
67437,8b495530-1652-4ec4-843a-8f5be739694d,339948,Temperature - 339948 @ Admin Air Cond,3/30/2019 17:52,10.2,10.2Â° C,100,2019-03-30,-19.936632207928966
67439,a9411632-c7ba-4b4a-af59-d1d6bb5b0b18,339948,Temperature - 339948 @ Admin Air Cond,3/30/2019 18:12,10.3,10.3Â° C,100,2019-03-30,-19.744494748027037
67440,5930ec96-37ac-49c4-b52d-e32dbdbe1dcf,339948,Temperature - 339948 @ Admin Air Cond,3/30/2019 18:22,10.2,10.2Â° C,100,2019-03-30,-19.845068486315643
67441,f8bfef07-2218-4c8c-8391-12a548b7e00f,339948,Temperature - 339948 @ Admin Air Cond,3/30/2019 18:32,10.0,10Â° C,100,2019-03-30,-19.992647669250353
67442,8d53e76e-6fe8-4066-8345-7de86b9e71b3,339948,Temperature - 339948 @ Admin Air Cond,3/30/2019 18:42,10.0,10Â° C,100,2019-03-30,-19.87979128049721
67443,c9fc46d0-705e-4965-9249-fdb8a3692d83,339948,Temperature - 339948 @ Admin Air Cond,3/30/2019 18:52,9.9,9.9Â° C,100,2019-03-30,-19.932815109529916
67444,05815a20-28a9-4ede-bbe2-ead212106774,339948,Temperature - 339948 @ Admin Air Cond,3/30/2019 19:02,9.9,9.9Â° C,100,2019-03-30,-19.842100281575327
67445,b971668d-3efe-4bb5-9016-7a7b9f78c193,339948,Temperature - 339948 @ Admin Air Cond,3/30/2019 19:12,9.8,9.8Â° C,100,2019-03-30,-19.86753790371148
67446,0944eaa2-d8e7-49ac-93fe-66be38aabc14,339948,Temperature - 339948 @ Admin Air Cond,3/30/2019 19:22,9.8,9.8Â° C,100,2019-03-30,-19.894427431473765
67447,099f5c48-004e-45c4-a068-568f80dbe8a1,339948,Temperature - 339948 @ Admin Air Cond,3/30/2019 19:32,9.8,9.8Â° C,100,2019-03-30,-19.845091913864
67448,9eec84c0-4641-4a34-8ee2-156af37cf886,339948,Temperature - 339948 @ Admin Air Cond,3/30/2019 19:42,9.8,9.8Â° C,100,2019-03-30,-19.82243516213446
67450,bd630a94-8e0c-4e73-9b6f-8a9804a8dd0d,339948,Temperature - 339948 @ Admin Air Cond,3/30/2019 20:02,9.7,9.7Â° C,100,2019-03-30,-19.965143437259762
67451,edc6008a-f13d-476a-8895-ab1cce2866be,339948,Temperature - 339948 @ Admin Air Cond,3/30/2019 20:12,9.7,9.7Â° C,100,2019-03-30,-19.905463092063787
67452,042af526-4e83-47a3-b5cf-2688158e6e96,339948,Temperature - 339948 @ Admin Air Cond,3/30/2019 20:22,9.6,9.6Â° C,100,2019-03-30,-19.947960605307028
67453,e06f8551-2ecb-4be6-a4ff-f858ec23c246,339948,Temperature - 339948 @ Admin Air Cond,3/30/2019 20:32,9.6,9.6Â° C,100,2019-03-30,-19.993906394412328
67454,f8bda44d-1723-4f7f-bb85-353dc4b2af3d,339948,Temperature - 339948 @ Admin Air Cond,3/30/2019 20:42,9.6,9.6Â° C,100,2019-03-30,-19.98232042308205
67455,520567f9-88b4-4974-ba6d-050015cd7944,339948,Temperature - 339948 @ Admin Air Cond,3/30/2019 20:52,9.5,9.5Â° C,100,2019-03-30,-19.948955867359768
67456,dbf9f07e-3918-496e-a0ae-ce27b655de9e,339948,Temperature - 339948 @ Admin Air Cond,3/30/2019 21:02,9.5,9.5Â° C,100,2019-03-30,-19.80542797225454
67457,89967332-ce12-4588-8a55-bba5035acf7e,339948,Temperature - 339948 @ Admin Air Cond,3/30/2019 21:12,9.5,9.5Â° C,100,2019-03-30,-19.94429572143244
67463,33579903-d7b8-4269-8928-19689f78d3d2,339948,Temperature - 339948 @ Admin Air Cond,3/30/2019 22:12,9.9,9.9Â° C,100,2019-03-30,-19.720086594411647
67465,f26a2057-af6f-43f6-ab63-c3065ff64045,339948,Temperature - 339948 @ Admin Air Cond,3/30/2019 22:32,9.9,9.9Â° C,100,2019-03-30,-19.697963388432996
67466,512e8902-1431-4374-9290-f608ae83dfb1,339948,Temperature - 339948 @ Admin Air Cond,3/30/2019 22:42,9.9,9.9Â° C,100,2019-03-30,-19.80981084786735
67467,806de708-bcd8-4d8c-88f2-4a1f3ea91b20,339948,Temperature - 339948 @ Admin Air Cond,3/30/2019 22:52,9.9,9.9Â° C,100,2019-03-30,-19.809476489119884
67468,8dd9b524-7e4f-47f9-896d-5ef4b63f8fe8,339948,Temperature - 339948 @ Admin Air Cond,3/30/2019 23:02,9.9,9.9Â° C,100,2019-03-30,-19.780233039463333
67469,93e51227-940d-45c2-958c-2541d6c3bddc,339948,Temperature - 339948 @ Admin Air Cond,3/30/2019 23:12,9.9,9.9Â° C,100,2019-03-30,-19.80335322617041
67470,b42d4c78-e4a9-40b6-abe1-de1669a4ec3d,339948,Temperature - 339948 @ Admin Air Cond,3/30/2019 23:22,9.8,9.8Â° C,100,2019-03-30,-19.823927958332035
67471,deff14fd-ed7e-48ba-81cb-1b944d380276,339948,Temperature - 339948 @ Admin Air Cond,3/30/2019 23:32,9.8,9.8Â° C,100,2019-03-30,-19.77177541776639
67472,b048b9c6-69c8-4692-8bb1-6d95683464a0,339948,Temperature - 339948 @ Admin Air Cond,3/30/2019 23:42,9.8,9.8Â° C,100,2019-03-30,-19.911622877200745
67473,2296ae20-3442-47a2-9c0d-ccde83cf18c0,339948,Temperature - 339948 @ Admin Air Cond,3/30/2019 23:52,9.8,9.8Â° C,100,2019-03-30,-19.88456124572601
67474,60f5fd86-eef3-4d47-869f-9ba2b0f61432,339948,Temperature - 339948 @ Admin Air Cond,3/31/2019 0:02,9.7,9.7Â° C,100,2019-03-31,-19.93640870516036
67475,91c28122-b591-45d9-96dd-5a68bb1736dc,339948,Temperature - 339948 @ Admin Air Cond,3/31/2019 0:12,9.7,9.7Â° C,100,2019-03-31,-19.817710710049262
67476,014f9b25-9549-4ca8-88a0-ebf4e09a78e3,339948,Temperature - 339948 @ Admin Air Cond,3/31/2019 0:22,9.7,9.7Â° C,100,2019-03-31,-19.85101271493816
67477,2d13ca28-fe1a-4522-b94c-4032ff4ca9ac,339948,Temperature - 339948 @ Admin Air Cond,3/31/2019 0:32,9.7,9.7Â° C,100,2019-03-31,-19.7666783561907
67481,dfa1b628-67c8-4d37-8bb3-1d6e07919706,339948,Temperature - 339948 @ Admin Air Cond,3/31/2019 1:12,9.5,9.5Â° C,100,2019-03-31,-19.72861364847357
67514,e9b3f496-8d24-41fa-ba2b-d16847278742,339948,Temperature - 339948 @ Admin Air Cond,3/31/2019 6:41,9.7,9.7Â° C,100,2019-03-31,-19.770488900716344
67533,b3a5f178-6ae1-47fb-bdef-dadaf14d3a17,339948,Temperature - 339948 @ Admin Air Cond,3/31/2019 9:51,10.0,10Â° C,100,2019-03-31,-19.797590629969072
67534,0adfe3d9-8c53-415f-b94b-b62687739b30,339948,Temperature - 339948 @ Admin Air Cond,3/31/2019 10:01,10.2,10.2Â° C,100,2019-03-31,-19.72243096345356
67539,0f5a221e-4fdd-4391-8025-c1c96e084cb5,339948,Temperature - 339948 @ Admin Air Cond,3/31/2019 10:51,10.2,10.2Â° C,100,2019-03-31,-19.714591850903837
67669,7da623ed-1ced-49b1-9c21-f23c7e61dd4a,339948,Temperature - 339948 @ Admin Air Cond,4/1/2019 8:30,9.7,9.7Â° C,100,2019-04-01,-20.111947641138656
67670,d7ea6d6d-7e4f-42bb-af25-cdcbc3ce01e1,339948,Temperature - 339948 @ Admin Air Cond,4/1/2019 8:40,10.1,10.1Â° C,100,2019-04-01,-19.697249646027558
67672,2223b54a-66cc-4d39-b3ac-06db9e67f498,339948,Temperature - 339948 @ Admin Air Cond,4/1/2019 9:00,9.9,9.9Â° C,100,2019-04-01,-19.99239911035081
67673,9a772a22-9a4d-4c79-818c-4fba7795ff10,339948,Temperature - 339948 @ Admin Air Cond,4/1/2019 9:10,10.0,10Â° C,100,2019-04-01,-19.80551929705789
67704,afc210ab-bc01-4325-926d-7c8e6dc9a084,339948,Temperature - 339948 @ Admin Air Cond,4/1/2019 14:10,10.4,10.4Â° C,100,2019-04-01,-19.705437242363796
67815,49921fb9-603f-4a73-b891-098737f60311,339948,Temperature - 339948 @ Admin Air Cond,4/2/2019 8:39,10.0,10Â° C,100,2019-04-02,-19.93828829763121
67846,71fc72ed-cf86-4d27-9de3-e4d3b610441d,339948,Temperature - 339948 @ Admin Air Cond,4/2/2019 13:48,10.3,10.3Â° C,100,2019-04-02,-19.796909030312953
67847,1b4b7391-6577-4d0c-9479-7a46ca33af93,339948,Temperature - 339948 @ Admin Air Cond,4/2/2019 13:58,10.3,10.3Â° C,100,2019-04-02,-19.695486398365624
67848,c77fa820-d64b-4ad0-8113-6fbd61d5427f,339948,Temperature - 339948 @ Admin Air Cond,4/2/2019 14:08,10.4,10.4Â° C,100,2019-04-02,-19.74596939255259
67850,9e9c62b8-9078-4e3e-9b9d-46f3dc182da0,339948,Temperature - 339948 @ Admin Air Cond,4/2/2019 14:28,10.7,10.7Â° C,100,2019-04-02,-19.698296542451033
67958,da394354-2fd2-47c9-a57e-71da74f32d77,339948,Temperature - 339948 @ Admin Air Cond,4/3/2019 8:27,9.9,9.9Â° C,100,2019-04-03,-20.019989948267252
67960,4fa1c8a2-a70c-473a-858e-d847dcfd6035,339948,Temperature - 339948 @ Admin Air Cond,4/3/2019 8:47,9.8,9.8Â° C,100,2019-04-03,-20.138379438811132
67962,2219164c-85e5-4807-8960-cc7ace68293d,339948,Temperature - 339948 @ Admin Air Cond,4/3/2019 9:07,9.6,9.6Â° C,100,2019-04-03,-20.174373285071898
68252,e21d2bb5-5aa5-45f4-8e52-45151c34948d,339948,Temperature - 339948 @ Admin Air Cond,4/5/2019 9:31,9.9,9.9Â° C,100,2019-04-05,-19.942102791080696
68681,5a5ce93f-2b95-49bd-9f0c-755eef2b2972,339948,Temperature - 339948 @ Admin Air Cond,4/8/2019 8:47,10.2,10.2Â° C,100,2019-04-08,-19.890215241063405
68687,9e576294-f6fa-4004-bc72-6fd077f9c25d,339948,Temperature - 339948 @ Admin Air Cond,4/8/2019 10:36,10.5,10.5Â° C,100,2019-04-08,-19.822153222676903
68688,b8219616-16cc-4147-9800-0defd682f355,339948,Temperature - 339948 @ Admin Air Cond,4/8/2019 10:46,10.5,10.5Â° C,100,2019-04-08,-19.858117477930694
68728,d03a2026-b73d-4647-b2a0-d2b413af789f,339948,Temperature - 339948 @ Admin Air Cond,4/8/2019 17:26,9.8,9.8Â° C,100,2019-04-08,-19.848774802419957
68733,c82bbff1-33f7-4c58-b1f1-f7c0e73ced5e,339948,Temperature - 339948 @ Admin Air Cond,4/8/2019 18:16,9.9,9.9Â° C,100,2019-04-08,-19.791688623569904
68734,fbce8717-e68e-4cba-936b-cb1e1385845a,339948,Temperature - 339948 @ Admin Air Cond,4/8/2019 18:26,9.7,9.7Â° C,100,2019-04-08,-19.958809184575966
68735,f1b0e185-95ea-49f2-9962-3c131d303661,339948,Temperature - 339948 @ Admin Air Cond,4/8/2019 18:36,9.8,9.8Â° C,100,2019-04-08,-19.869566384214046
68823,d98434ce-237f-43c5-bb9c-4b4f56b3d3f6,339948,Temperature - 339948 @ Admin Air Cond,4/9/2019 9:15,10.0,10Â° C,100,2019-04-09,-20.06815001938261
68830,dc358dc4-da8e-4052-917a-fc847a51b4af,339948,Temperature - 339948 @ Admin Air Cond,4/9/2019 10:25,10.4,10.4Â° C,100,2019-04-09,-19.71663534226563
68839,d120efe0-927b-4079-883b-669509a19a27,339948,Temperature - 339948 @ Admin Air Cond,4/9/2019 11:55,10.7,10.7Â° C,100,2019-04-09,-19.75410973069625
68840,edcdc6cc-6b70-469e-99ac-8be38efc644d,339948,Temperature - 339948 @ Admin Air Cond,4/9/2019 12:05,10.6,10.6Â° C,100,2019-04-09,-19.893704081981845
68841,8bf0a6ba-4873-4dcf-be5d-82c6c592860b,339948,Temperature - 339948 @ Admin Air Cond,4/9/2019 12:15,10.4,10.4Â° C,100,2019-04-09,-19.97213690876653
68842,607d995c-c73f-48f8-b736-768a0486d2e2,339948,Temperature - 339948 @ Admin Air Cond,4/9/2019 12:25,10.1,10.1Â° C,100,2019-04-09,-20.239317466948677
68845,99667178-126f-4983-8c2b-a04247f1d2af,339948,Temperature - 339948 @ Admin Air Cond,4/9/2019 12:55,10.4,10.4Â° C,100,2019-04-09,-19.727429014453378
68846,5128975f-25f9-4ad6-a27e-24edc775748c,339948,Temperature - 339948 @ Admin Air Cond,4/9/2019 13:05,10.0,10Â° C,100,2019-04-09,-20.207676723270733
68847,59cf932a-5552-4195-85e7-eb691bb31687,339948,Temperature - 339948 @ Admin Air Cond,4/9/2019 13:15,10.0,10Â° C,100,2019-04-09,-20.21623659179771
68848,18967c5c-9b8b-4a3a-98de-f8c9067e236f,339948,Temperature - 339948 @ Admin Air Cond,4/9/2019 13:25,9.9,9.9Â° C,98,2019-04-09,-20.232600453065164
68849,8fc93086-1563-4dc2-8036-84f1b4235181,339948,Temperature - 339948 @ Admin Air Cond,4/9/2019 13:35,9.9,9.9Â° C,100,2019-04-09,-20.224100430485056
68850,8c39a514-f3ab-4a66-8121-f5c6ad522e30,339948,Temperature - 339948 @ Admin Air Cond,4/9/2019 13:45,10.0,10Â° C,100,2019-04-09,-20.124674818068293
68851,99e14f99-36f9-40a5-83e1-369482b615fe,339948,Temperature - 339948 @ Admin Air Cond,4/9/2019 13:55,9.8,9.8Â° C,100,2019-04-09,-20.272254650297626
68852,7e6254a4-aa88-4ecb-8ce4-93dfbbd250c3,339948,Temperature - 339948 @ Admin Air Cond,4/9/2019 14:05,9.9,9.9Â° C,100,2019-04-09,-20.05939891083912
68853,ce46e8b8-73b3-471c-8cd6-83c13f5977d7,339948,Temperature - 339948 @ Admin Air Cond,4/9/2019 14:15,10.1,10.1Â° C,98,2019-04-09,-19.812423389166458
68854,9596d6bc-18ee-49c8-9ca3-9c1c7c383dd0,339948,Temperature - 339948 @ Admin Air Cond,4/9/2019 14:25,10.0,10Â° C,100,2019-04-09,-19.8217092105065
68855,b4f41a44-e371-4d91-8c7f-8a3f357b6dd2,339948,Temperature - 339948 @ Admin Air Cond,4/9/2019 14:35,9.9,9.9Â° C,100,2019-04-09,-19.84714748193729
68856,39ded212-632a-42a6-8427-8f0354e66407,339948,Temperature - 339948 @ Admin Air Cond,4/9/2019 14:45,9.9,9.9Â° C,100,2019-04-09,-19.874037658994208
68857,32ea9729-db57-4c01-9bc7-8be1aa81d4a1,339948,Temperature - 339948 @ Admin Air Cond,4/9/2019 14:55,9.9,9.9Â° C,100,2019-04-09,-19.82470279067908
68860,574f7410-a19e-4c57-8294-73321378e2b6,339948,Temperature - 339948 @ Admin Air Cond,4/9/2019 15:25,10.0,10Â° C,100,2019-04-09,-19.744756261958738
68864,09f2e788-80e8-41c2-9417-bdcbd9a2a7d9,339948,Temperature - 339948 @ Admin Air Cond,4/9/2019 16:05,9.8,9.8Â° C,100,2019-04-09,-19.86193584495956
68865,906f85c6-ec2d-4a28-9555-d3a9d5b7dd75,339948,Temperature - 339948 @ Admin Air Cond,4/9/2019 16:15,9.8,9.8Â° C,100,2019-04-09,-19.728571938531907
68866,d675332e-e941-4b83-b929-83615f57d3a9,339948,Temperature - 339948 @ Admin Air Cond,4/9/2019 16:25,9.6,9.6Â° C,100,2019-04-09,-19.785044692721307
68867,1b83577f-fdff-4d11-aa56-ffaa0c34367d,339948,Temperature - 339948 @ Admin Air Cond,4/9/2019 16:35,9.7,9.7Â° C,100,2019-04-09,-19.82391309119384
68868,4080d003-7a70-4c11-b3ca-e299b544409d,339948,Temperature - 339948 @ Admin Air Cond,4/9/2019 16:45,9.5,9.5Â° C,100,2019-04-09,-20.156792378958567
68962,006acadf-85c7-4810-b412-4ae0b7be247e,339948,Temperature - 339948 @ Admin Air Cond,4/10/2019 8:24,10.3,10.3Â° C,100,2019-04-10,-19.792655091243866
68963,80a9116e-9407-4599-8b67-52b271abde4e,339948,Temperature - 339948 @ Admin Air Cond,4/10/2019 8:34,10.3,10.3Â° C,100,2019-04-10,-19.776169587720027
68966,30d0803a-6902-4220-a627-dfaa444b2333,339948,Temperature - 339948 @ Admin Air Cond,4/10/2019 9:04,10.3,10.3Â° C,100,2019-04-10,-19.884063349380803
68967,02e65609-fa28-412e-89fb-1ff2bbe91456,339948,Temperature - 339948 @ Admin Air Cond,4/10/2019 9:14,9.9,9.9Â° C,100,2019-04-10,-20.438176756927746
68977,95524c3e-d4b3-4fd4-b425-60761e7c36bc,339948,Temperature - 339948 @ Admin Air Cond,4/10/2019 10:54,10.5,10.5Â° C,100,2019-04-10,-19.709800850545953
68978,0f40de8a-7948-4def-a2a0-83bdabd69d0f,339948,Temperature - 339948 @ Admin Air Cond,4/10/2019 11:04,10.4,10.4Â° C,100,2019-04-10,-19.941409720887812
68979,a198b31b-fcc2-45cf-94dc-0a6deea6f368,339948,Temperature - 339948 @ Admin Air Cond,4/10/2019 11:14,10.3,10.3Â° C,100,2019-04-10,-20.162129299033666
68980,2c0f0a56-fc29-4a6a-860e-eacef2043294,339948,Temperature - 339948 @ Admin Air Cond,4/10/2019 11:24,10.1,10.1Â° C,100,2019-04-10,-20.401723650319255
68981,12ba65cd-c628-4b79-853e-777efbf9b313,339948,Temperature - 339948 @ Admin Air Cond,4/10/2019 11:34,10.3,10.3Â° C,100,2019-04-10,-20.080156477103944
68982,58fc629f-fdd0-4486-adde-57dac39c19f7,339948,Temperature - 339948 @ Admin Air Cond,4/10/2019 11:44,10.1,10.1Â° C,100,2019-04-10,-20.247337035286094
68983,c6a41f71-a4d7-417f-8f0d-a5d1f1d6e441,339948,Temperature - 339948 @ Admin Air Cond,4/10/2019 11:54,10.0,10Â° C,100,2019-04-10,-20.245370588023597
68984,de08d7c1-6088-40f3-af75-3f2935e7f760,339948,Temperature - 339948 @ Admin Air Cond,4/10/2019 12:04,9.9,9.9Â° C,100,2019-04-10,-20.278975828601386
68985,f93f9e31-673c-4ad0-a48d-b59441f47fa4,339948,Temperature - 339948 @ Admin Air Cond,4/10/2019 12:14,10.0,10Â° C,100,2019-04-10,-20.135448582790794
68986,d3e15dd6-a930-4092-9509-cd40391f20d0,339948,Temperature - 339948 @ Admin Air Cond,4/10/2019 12:24,9.9,9.9Â° C,100,2019-04-10,-20.315696291608155
68987,a80a2461-ea87-4700-8b6d-559fc3e0841c,339948,Temperature - 339948 @ Admin Air Cond,4/10/2019 12:34,10.0,10Â° C,100,2019-04-10,-20.22425616013513
69008,52ae2314-6906-4565-9629-e84409eb00dc,339948,Temperature - 339948 @ Admin Air Cond,4/10/2019 16:04,9.9,9.9Â° C,100,2019-04-10,-19.764811947295986
69012,2a6c80d8-6bf0-4a52-98c1-2dc4f3da7e29,339948,Temperature - 339948 @ Admin Air Cond,4/10/2019 16:43,9.9,9.9Â° C,100,2019-04-10,-19.873151989851184
69013,d5d2872c-646e-49bb-bc60-905d4ee3d36b,339948,Temperature - 339948 @ Admin Air Cond,4/10/2019 16:53,10.0,10Â° C,100,2019-04-10,-19.70772742827826
69106,aecc569d-31ef-4229-8d2d-a8786b414963,339948,Temperature - 339948 @ Admin Air Cond,4/11/2019 8:23,10.3,10.3Â° C,100,2019-04-11,-19.89208291771822
69107,f7b75082-4f2e-4d3b-ad47-c7958e938f69,339948,Temperature - 339948 @ Admin Air Cond,4/11/2019 8:33,10.5,10.5Â° C,100,2019-04-11,-19.84619632526516
69108,f701c922-2f73-404c-933e-c89ea4fee996,339948,Temperature - 339948 @ Admin Air Cond,4/11/2019 8:43,10.6,10.6Â° C,100,2019-04-11,-19.782160912485416
69109,e3ed140d-90cb-420b-8421-dca7bfa402e1,339948,Temperature - 339948 @ Admin Air Cond,4/11/2019 8:53,9.8,9.8Â° C,100,2019-04-11,-20.506147278290072
69110,51691f33-ddbb-4e79-b3e5-1d56a09960b8,339948,Temperature - 339948 @ Admin Air Cond,4/11/2019 9:03,10.4,10.4Â° C,100,2019-04-11,-19.732674478940464
69111,01ac3737-59ba-4894-b00b-651842a53dd8,339948,Temperature - 339948 @ Admin Air Cond,4/11/2019 9:13,10.0,10Â° C,100,2019-04-11,-20.154301498102647
69119,97bb399a-cd5e-4f3f-83b0-a19c78f61999,339948,Temperature - 339948 @ Admin Air Cond,4/11/2019 10:33,10.7,10.7Â° C,100,2019-04-11,-19.770148867371077
69121,150c30e5-afb3-4810-a7f3-6672b6f6fdb5,339948,Temperature - 339948 @ Admin Air Cond,4/11/2019 10:52,10.1,10.1Â° C,100,2019-04-11,-20.28817604544136
69122,e313698b-2840-4cf7-a7f6-71b98a972bae,339948,Temperature - 339948 @ Admin Air Cond,4/11/2019 11:02,9.9,9.9Â° C,100,2019-04-11,-20.455356603623514
69123,bebd81eb-90c6-4ede-b7c4-62b4f374fb9e,339948,Temperature - 339948 @ Admin Air Cond,4/11/2019 11:12,9.9,9.9Â° C,100,2019-04-11,-20.35339015636101
69124,61223ef7-f6a5-4ac0-8bcb-5df57c671b9a,339948,Temperature - 339948 @ Admin Air Cond,4/11/2019 11:33,9.9,9.9Â° C,100,2019-04-11,-20.286995396938803
69126,001e503d-e772-4b52-84ac-eda8d82987fe,339948,Temperature - 339948 @ Admin Air Cond,4/11/2019 11:34,9.9,9.9Â° C,100,2019-04-11,-20.243468151128212
69128,f6c90145-23b2-435d-be61-ecfdb127683c,339948,Temperature - 339948 @ Admin Air Cond,4/11/2019 11:44,9.6,9.6Â° C,100,2019-04-11,-20.62371585994557
69129,95a36357-d900-4dc5-af2d-2aad30c4fa99,339948,Temperature - 339948 @ Admin Air Cond,4/11/2019 11:54,10.0,10Â° C,100,2019-04-11,-20.23227572847254
69133,755b82c6-ba65-447e-b282-49fd6506ecad,339948,Temperature - 339948 @ Admin Air Cond,4/11/2019 12:34,10.0,10Â° C,100,2019-04-11,-20.088293786972457
69134,5f2fa98c-dbec-49a6-a553-d8f857251947,339948,Temperature - 339948 @ Admin Air Cond,4/11/2019 12:44,10.0,10Â° C,100,2019-04-11,-19.975438047513954
69137,91fac629-3e51-43c3-9c95-1381c274015d,339948,Temperature - 339948 @ Admin Air Cond,4/11/2019 13:14,10.0,10Â° C,98,2019-04-11,-19.763186618612117
69690,962b54dd-da07-4e52-bab3-6d597c4a6901,339948,Temperature - 339948 @ Admin Air Cond,4/15/2019 8:39,9.9,9.9Â° C,100,2019-04-15,-20.319135791534872
69691,29865062-6bd9-47c5-ad16-c63e80d7a88c,339948,Temperature - 339948 @ Admin Air Cond,4/15/2019 8:49,9.9,9.9Â° C,100,2019-04-15,-20.275608890842314
69692,7b1af078-4fd0-4761-840e-24db2ffc0fcb,339948,Temperature - 339948 @ Admin Air Cond,4/15/2019 8:59,9.9,9.9Â° C,100,2019-04-15,-20.355856944777706
69693,f43ec5e9-1fa2-4045-bf21-bdc11dabaddd,339948,Temperature - 339948 @ Admin Air Cond,4/15/2019 9:09,10.3,10.3Â° C,100,2019-04-15,-19.964417158422712
69695,6be295ae-98a8-40d7-a55c-8ea9a0ba8c37,339948,Temperature - 339948 @ Admin Air Cond,4/15/2019 9:29,9.9,9.9Â° C,100,2019-04-15,-20.272281687346133
69696,734dd126-68b5-4ae8-984c-1566ff8b5f3e,339948,Temperature - 339948 @ Admin Air Cond,4/15/2019 9:39,10.2,10.2Â° C,100,2019-04-15,-19.972856420047403
69832,2423c4ad-5e00-447f-990f-19b9f742ab8e,339948,Temperature - 339948 @ Admin Air Cond,4/16/2019 8:18,10.0,10Â° C,100,2019-04-16,-20.2639248296401
69835,fed0c123-b069-40d5-9444-abdedf46eb8d,339948,Temperature - 339948 @ Admin Air Cond,4/16/2019 8:48,10.0,10Â° C,100,2019-04-16,-20.180349572208527
69836,764a9219-794a-4a86-b732-d5838c9c8517,339948,Temperature - 339948 @ Admin Air Cond,4/16/2019 8:58,10.0,10Â° C,100,2019-04-16,-20.1809243049098
69837,ab657d74-24d7-4ce9-bd8f-d48a217dbaa7,339948,Temperature - 339948 @ Admin Air Cond,4/16/2019 9:08,10.4,10.4Â° C,100,2019-04-16,-19.728504482257172
69978,455651fa-6ca3-42ef-9135-d6dadf04916c,339948,Temperature - 339948 @ Admin Air Cond,4/17/2019 8:36,9.9,9.9Â° C,100,2019-04-17,-20.1237169727791
70124,639327d2-f76d-4d53-8855-b6a14fe1a830,339948,Temperature - 339948 @ Admin Air Cond,4/18/2019 8:55,9.9,9.9Â° C,100,2019-04-18,-19.874434705754755
70128,7c04c319-4fba-4667-89f6-f6e2429856a9,339948,Temperature - 339948 @ Admin Air Cond,4/18/2019 9:35,9.8,9.8Â° C,100,2019-04-18,-19.89996412657799
70135,c9d97f18-dd38-4a11-8642-376e035a6232,339948,Temperature - 339948 @ Admin Air Cond,4/18/2019 10:45,10.0,10Â° C,100,2019-04-18,-19.69872409759216
70146,78054b0f-3cf7-499e-8d1c-fa9764d36303,339948,Temperature - 339948 @ Admin Air Cond,4/18/2019 12:35,10.0,10Â° C,100,2019-04-18,-19.775949379031037
70742,4641bf29-87a1-4bc0-ad00-788eb648e7f1,339948,Temperature - 339948 @ Admin Air Cond,4/22/2019 15:40,9.8,9.8Â° C,100,2019-04-22,-19.79253545208344
70846,25e1051f-ce7e-44bc-9abe-dda1ae389f49,339948,Temperature - 339948 @ Admin Air Cond,4/23/2019 8:59,10.1,10.1Â° C,100,2019-04-23,-19.79591420145181
70847,32fd5b3b-7878-48ba-920f-785eb392c2c3,339948,Temperature - 339948 @ Admin Air Cond,4/23/2019 9:09,9.8,9.8Â° C,98,2019-04-23,-20.016490283999
70992,5006d87c-b733-4d9c-9b7f-756a3c3f3ee0,339948,Temperature - 339948 @ Admin Air Cond,4/24/2019 9:17,10.0,10Â° C,100,2019-04-24,-19.718397508711078
71129,bdd54f5b-05f3-4fb2-9d21-ceede4b6011f,339948,Temperature - 339948 @ Admin Air Cond,4/25/2019 8:06,10.0,10Â° C,100,2019-04-25,-19.920451352629957
71747,be68fd8e-eec9-450a-9171-8586ba2cfb0f,339948,Temperature - 339948 @ Admin Air Cond,4/29/2019 14:20,10.3,10.3Â° C,100,2019-04-29,-19.72734206777054
71748,090bcac0-2e04-46fc-9bea-9206c2be3aed,339948,Temperature - 339948 @ Admin Air Cond,4/29/2019 14:30,10.0,10Â° C,100,2019-04-29,-19.996827600289084
71753,8ea4c4e0-3c7d-4bb9-b2e7-d068f33fea01,339948,Temperature - 339948 @ Admin Air Cond,4/29/2019 15:20,10.0,10Â° C,100,2019-04-29,-20.126073444699998
71754,c8d49575-f360-47a9-baf8-afbad6e85f82,339948,Temperature - 339948 @ Admin Air Cond,4/29/2019 15:30,10.2,10.2Â° C,98,2019-04-29,-19.839195340854907
71756,34e33de5-bae7-44e5-9fe2-ca34a28fa99f,339948,Temperature - 339948 @ Admin Air Cond,4/29/2019 15:50,10.0,10Â° C,100,2019-04-29,-20.09165457381041
71757,7929b1de-1947-4cdd-8ee8-dcdd85e4811c,339948,Temperature - 339948 @ Admin Air Cond,4/29/2019 16:00,10.4,10.4Â° C,98,2019-04-29,-19.73106849704593
71760,088a4239-9520-4c17-bfc4-88a24468e4d3,339948,Temperature - 339948 @ Admin Air Cond,4/29/2019 16:30,10.3,10.3Â° C,100,2019-04-29,-19.856206818476643
71762,7c84a695-5761-48ef-8445-8537291d1ad8,339948,Temperature - 339948 @ Admin Air Cond,4/29/2019 16:50,10.2,10.2Â° C,100,2019-04-29,-19.792203448976732
71763,23eb6551-ed5d-43a4-9df3-5810627a6720,339948,Temperature - 339948 @ Admin Air Cond,4/29/2019 17:00,10.2,10.2Â° C,100,2019-04-29,-19.771907753337484
71764,86b42421-28c9-4dab-a9bf-a4edbbc506f6,339948,Temperature - 339948 @ Admin Air Cond,4/29/2019 17:10,9.8,9.8Â° C,100,2019-04-29,-20.24398955316103
71765,2050b8c5-30ef-40a7-bac7-367d3ada7ec5,339948,Temperature - 339948 @ Admin Air Cond,4/29/2019 17:20,10.3,10.3Â° C,100,2019-04-29,-19.814256470951907
71766,410ef89b-49d2-43f3-8643-419563fbbcd8,339948,Temperature - 339948 @ Admin Air Cond,4/29/2019 17:30,10.4,10.4Â° C,100,2019-04-29,-19.73624752667382
71767,802ecab0-98fd-4509-b8a5-069aabfc9a64,339948,Temperature - 339948 @ Admin Air Cond,4/29/2019 17:40,9.9,9.9Â° C,100,2019-04-29,-20.28618776569882
71768,98d6a298-46d4-43b2-992c-1964b909519a,339948,Temperature - 339948 @ Admin Air Cond,4/29/2019 17:50,9.8,9.8Â° C,100,2019-04-29,-20.331046335032344
71770,01a559b4-33ff-4fcf-a251-aa4808928631,339948,Temperature - 339948 @ Admin Air Cond,4/29/2019 18:10,10.5,10.5Â° C,100,2019-04-29,-19.703885070795593
72167,b3efe32d-33c0-42b1-86ce-883b8c3a915b,339948,Temperature - 339948 @ Admin Air Cond,5/2/2019 12:16,10.0,10Â° C,100,2019-05-02,-20.051967694131335
72169,69f220a3-5445-4f56-aec0-98b91dd4ef07,339948,Temperature - 339948 @ Admin Air Cond,5/2/2019 12:36,9.9,9.9Â° C,100,2019-05-02,-20.182757652431093
72170,658dcb08-ab83-4742-9814-d56bd0993861,339948,Temperature - 339948 @ Admin Air Cond,5/2/2019 12:46,10.1,10.1Â° C,100,2019-05-02,-19.97024354067188
72182,14093c47-29f2-4af0-b8bd-4be311890483,339948,Temperature - 339948 @ Admin Air Cond,5/2/2019 14:46,10.1,10.1Â° C,100,2019-05-02,-19.91683441117115
72183,c29f3cf1-4939-469b-9558-7e45f530aa78,339948,Temperature - 339948 @ Admin Air Cond,5/2/2019 14:56,9.8,9.8Â° C,100,2019-05-02,-20.19653907125414
72186,72f8524f-36f2-4443-b8f8-7eb08bc39cdc,339948,Temperature - 339948 @ Admin Air Cond,5/2/2019 15:26,10.3,10.3Â° C,100,2019-05-02,-19.860879911757202
72187,f089994b-018d-4897-937a-d98f0bd4864e,339948,Temperature - 339948 @ Admin Air Cond,5/2/2019 15:36,10.1,10.1Â° C,100,2019-05-02,-20.11082050650444
72189,01a7385f-4c93-4cdb-8ff6-b4a73745022e,339948,Temperature - 339948 @ Admin Air Cond,5/2/2019 15:56,10.6,10.6Â° C,100,2019-05-02,-19.699812403802913
72190,010ba00a-8294-4133-bc31-7d59d695088a,339948,Temperature - 339948 @ Admin Air Cond,5/2/2019 16:06,10.5,10.5Â° C,100,2019-05-02,-19.728518878767936
72191,b1ba6326-ad5b-4df8-a542-5d6da4910489,339948,Temperature - 339948 @ Admin Air Cond,5/2/2019 16:16,10.5,10.5Â° C,100,2019-05-02,-19.783541143206648
72193,efc99d6b-3bbd-4b70-b5cc-acdfd221abae,339948,Temperature - 339948 @ Admin Air Cond,5/2/2019 16:36,10.1,10.1Â° C,100,2019-05-02,-20.179248104025987
72194,8c68043c-0dcd-4449-a47d-b4456aafec1e,339948,Temperature - 339948 @ Admin Air Cond,5/2/2019 16:46,10.2,10.2Â° C,100,2019-05-02,-20.06276401637758
72195,3ace4a83-8a49-426a-93b1-aca1696b315d,339948,Temperature - 339948 @ Admin Air Cond,5/2/2019 16:56,10.2,10.2Â° C,100,2019-05-02,-20.0762254822682
72196,68749d39-2897-4265-a826-084abefbaf3d,339948,Temperature - 339948 @ Admin Air Cond,5/2/2019 17:06,10.5,10.5Â° C,100,2019-05-02,-19.80166516957442
72197,0c3a70b5-3f30-45bb-a71c-966cf77e2c2e,339948,Temperature - 339948 @ Admin Air Cond,5/2/2019 17:16,10.0,10Â° C,100,2019-05-02,-20.370662025664675
72198,541beab9-eed8-4a82-bce6-59533e49629e,339948,Temperature - 339948 @ Admin Air Cond,5/2/2019 17:26,10.6,10.6Â° C,100,2019-05-02,-19.924776849087046
72199,2886905f-b627-4c9d-b536-0846084908a0,339948,Temperature - 339948 @ Admin Air Cond,5/2/2019 17:36,9.9,9.9Â° C,100,2019-05-02,-20.660742852182743
72200,78b44932-3d9b-4e7b-bb42-cf3fae16db80,339948,Temperature - 339948 @ Admin Air Cond,5/2/2019 17:46,9.8,9.8Â° C,100,2019-05-02,-20.684730633862834
72201,d63c8819-d56a-46d3-8f1b-fb7b7dd1bfb9,339948,Temperature - 339948 @ Admin Air Cond,5/2/2019 17:56,9.9,9.9Â° C,100,2019-05-02,-20.411259250388664
72202,50d23116-3356-4f48-a464-819940fb1cdb,339948,Temperature - 339948 @ Admin Air Cond,5/2/2019 18:06,9.9,9.9Â° C,100,2019-05-02,-20.43288768542628
72344,785bfe4e-43dc-4249-97a5-270fdd3b4846,339948,Temperature - 339948 @ Admin Air Cond,5/3/2019 17:44,10.3,10.3Â° C,100,2019-05-03,-20.072021148577917
72345,e2d309a8-5160-4a1d-975c-2fc8b0ff424c,339948,Temperature - 339948 @ Admin Air Cond,5/3/2019 17:54,10.0,10Â° C,98,2019-05-03,-20.326498948406826
72346,c7bdd40c-4869-4789-9edd-b3a6cc412656,339948,Temperature - 339948 @ Admin Air Cond,5/3/2019 18:04,10.0,10Â° C,100,2019-05-03,-20.355568399778385
72347,c27cd890-5457-4fca-b314-6a0269a2fe02,339948,Temperature - 339948 @ Admin Air Cond,5/3/2019 18:14,10.0,10Â° C,100,2019-05-03,-20.25414783300112
73159,dbdbefe4-02c3-4831-94de-251b688bdd91,339948,Temperature - 339948 @ Admin Air Cond,5/9/2019 9:06,9.8,9.8Â° C,100,2019-05-09,-20.413418960571313
73166,c7010ea7-b596-4565-9cb8-26e60aa0fc5f,339948,Temperature - 339948 @ Admin Air Cond,5/9/2019 10:16,10.0,10Â° C,100,2019-05-09,-20.126344957285813
73167,cb095ab7-3b02-4fd5-8f5a-e2c9f73bde5e,339948,Temperature - 339948 @ Admin Air Cond,5/9/2019 10:26,10.0,10Â° C,100,2019-05-09,-20.196612580876607
73168,8a30c4a2-0f18-4e6f-b64f-07d70422fee2,339948,Temperature - 339948 @ Admin Air Cond,5/9/2019 10:36,9.9,9.9Â° C,100,2019-05-09,-20.318604342398437
73169,77f87514-f1b3-40c5-a6ff-b61bbc8a1406,339948,Temperature - 339948 @ Admin Air Cond,5/9/2019 10:46,9.8,9.8Â° C,100,2019-05-09,-20.468545287223346
73170,0ac5cea1-9410-47bf-abc0-1723c9ae5af7,339948,Temperature - 339948 @ Admin Air Cond,5/9/2019 10:56,9.6,9.6Â° C,100,2019-05-09,-20.613404562356788
73171,d38d858c-1833-4f4a-b853-a29515659949,339948,Temperature - 339948 @ Admin Air Cond,5/9/2019 11:06,9.9,9.9Â° C,100,2019-05-09,-20.45753788467717
73172,2c701583-3b43-4aab-82c8-612550bab1a4,339948,Temperature - 339948 @ Admin Air Cond,5/9/2019 11:16,9.9,9.9Â° C,100,2019-05-09,-20.38624470971987
73173,29e5562a-40ee-4bc2-a8d7-430a04ccb31f,339948,Temperature - 339948 @ Admin Air Cond,5/9/2019 11:26,10.4,10.4Â° C,100,2019-05-09,-19.94126732423625
73185,f358043f-400a-43a8-96fe-1267ab1508f8,339948,Temperature - 339948 @ Admin Air Cond,5/9/2019 13:26,10.6,10.6Â° C,100,2019-05-09,-19.799905304603435
73186,272f1b36-411c-4366-8fd1-5f0c4a4420a0,339948,Temperature - 339948 @ Admin Air Cond,5/9/2019 13:36,9.8,9.8Â° C,100,2019-05-09,-20.62153408971873
73187,69cdb0d4-57d0-4f08-baea-282fd31400d2,339948,Temperature - 339948 @ Admin Air Cond,5/9/2019 13:46,10.5,10.5Â° C,100,2019-05-09,-19.876012239625314
73322,89d1242b-924e-4f69-9a91-81fb3adf899f,339948,Temperature - 339948 @ Admin Air Cond,5/10/2019 12:15,10.3,10.3Â° C,100,2019-05-10,-20.250726767364302
73323,25428563-d614-45aa-bf25-150013ed48c8,339948,Temperature - 339948 @ Admin Air Cond,5/10/2019 12:25,10.3,10.3Â° C,100,2019-05-10,-20.0772557339678
73324,ef5f5960-375a-432e-a1eb-30bec6993244,339948,Temperature - 339948 @ Admin Air Cond,5/10/2019 12:35,10.2,10.2Â° C,100,2019-05-10,-20.198884519083094
73326,eb359fde-9d3e-4f8d-a5cc-6441dc21c5af,339948,Temperature - 339948 @ Admin Air Cond,5/10/2019 12:55,10.7,10.7Â° C,100,2019-05-10,-19.72980089149154
73328,328b0895-d1a3-420f-86d8-41fce73dbff0,339948,Temperature - 339948 @ Admin Air Cond,5/10/2019 13:14,9.9,9.9Â° C,100,2019-05-10,-20.513348842847353
73329,2c274cf5-d6e2-49a5-af14-2ba282ce2edf,339948,Temperature - 339948 @ Admin Air Cond,5/10/2019 13:24,10.5,10.5Â° C,100,2019-05-10,-19.81192862614776
73330,ad9749ac-fb5f-45cc-81ed-700f9f5e2bf1,339948,Temperature - 339948 @ Admin Air Cond,5/10/2019 13:34,10.7,10.7Â° C,100,2019-05-10,-19.762414035582477
73331,cf9b713c-5c0e-44f5-a021-420a86933eaa,339948,Temperature - 339948 @ Admin Air Cond,5/10/2019 13:44,10.9,10.9Â° C,98,2019-05-10,-19.694024671877443
73332,ae59f914-701f-4798-afac-89fb196b882c,339948,Temperature - 339948 @ Admin Air Cond,5/10/2019 13:54,9.9,9.9Â° C,100,2019-05-10,-20.814746015976404
73333,a77d6f00-20bf-494a-b2d5-ba1c50ba6940,339948,Temperature - 339948 @ Admin Air Cond,5/10/2019 14:04,11.0,11Â° C,100,2019-05-10,-19.75434213321511
73336,c3098b7f-3ae5-44fc-9776-fdfce4001be7,339948,Temperature - 339948 @ Admin Air Cond,5/10/2019 14:34,10.8,10.8Â° C,100,2019-05-10,-19.69799436877878
73340,882103b6-7432-4c4a-aa70-3eb225245fb2,339948,Temperature - 339948 @ Admin Air Cond,5/10/2019 15:14,10.6,10.6Â° C,100,2019-05-10,-19.87688700470275
73353,cce46f76-cc49-4f3a-979a-b48cab11da51,339948,Temperature - 339948 @ Admin Air Cond,5/10/2019 17:24,10.3,10.3Â° C,100,2019-05-10,-19.7054296322542
73354,c2a0829d-b012-49c5-9675-0cd6ecf2b1d7,339948,Temperature - 339948 @ Admin Air Cond,5/10/2019 17:34,10.2,10.2Â° C,100,2019-05-10,-19.745751702305974
73355,a338b134-9d33-45b7-8752-101d47215c72,339948,Temperature - 339948 @ Admin Air Cond,5/10/2019 17:44,10.0,10Â° C,100,2019-05-10,-19.88825163079695
73356,ea299b16-91de-4c22-ac78-9f27aede1a7d,339948,Temperature - 339948 @ Admin Air Cond,5/10/2019 17:54,10.0,10Â° C,100,2019-05-10,-19.934199835149993
73357,70ce1bf8-64bf-444d-87b8-58799b367cf9,339948,Temperature - 339948 @ Admin Air Cond,5/10/2019 18:04,10.0,10Â° C,100,2019-05-10,-19.922616279067466
73358,e1a224da-94c8-4bb5-8e97-22595565cc98,339948,Temperature - 339948 @ Admin Air Cond,5/10/2019 18:14,9.7,9.7Â° C,100,2019-05-10,-20.089254138592924
73880,bafdf126-bf86-46e4-902c-7a1bcc25fc96,339948,Temperature - 339948 @ Admin Air Cond,5/14/2019 8:59,10.5,10.5Â° C,100,2019-05-14,-19.969901077610093
73881,ca0d77dc-8abb-47b7-b63a-85af882fe7c8,339948,Temperature - 339948 @ Admin Air Cond,5/14/2019 9:09,10.3,10.3Â° C,100,2019-05-14,-20.32401659634761
73892,8dd4049b-d37c-4e6c-9296-8167c4bb65b4,339948,Temperature - 339948 @ Admin Air Cond,5/14/2019 10:59,10.8,10.8Â° C,100,2019-05-14,-19.827272783404084
73893,02c8d410-da2a-4348-acdd-61402b5f4ddb,339948,Temperature - 339948 @ Admin Air Cond,5/14/2019 11:09,10.3,10.3Â° C,100,2019-05-14,-20.44799447274052
73894,b70eb216-4f9f-4b68-803b-5b62444d3642,339948,Temperature - 339948 @ Admin Air Cond,5/14/2019 11:19,10.0,10Â° C,100,2019-05-14,-20.7875909352167
73895,b1d65440-1c91-4950-8065-6d20b6fff1ec,339948,Temperature - 339948 @ Admin Air Cond,5/14/2019 11:29,10.0,10Â° C,100,2019-05-14,-20.666025873191963
73896,517d9a83-1978-42da-8501-938eb2da0b35,339948,Temperature - 339948 @ Admin Air Cond,5/14/2019 11:39,10.0,10Â° C,100,2019-05-14,-20.633208542564695
73897,71733734-de99-4a52-a7e7-f98b1469db01,339948,Temperature - 339948 @ Admin Air Cond,5/14/2019 11:49,10.4,10.4Â° C,100,2019-05-14,-20.13124420649278
73898,b0122fed-0f23-4ecf-bf69-c852b58590fd,339948,Temperature - 339948 @ Admin Air Cond,5/14/2019 11:59,10.7,10.7Â° C,100,2019-05-14,-19.764851558261157
73901,53dd138b-c20c-4ef3-87b6-9595d91c45db,339948,Temperature - 339948 @ Admin Air Cond,5/14/2019 12:29,10.1,10.1Â° C,100,2019-05-14,-20.41013822336664
73902,776b6582-3fb5-489a-8b4a-efb9bd3bc086,339948,Temperature - 339948 @ Admin Air Cond,5/14/2019 12:39,10.4,10.4Â° C,100,2019-05-14,-20.026504195824668
73903,a794087e-7050-4e93-b501-1eed37edc7c8,339948,Temperature - 339948 @ Admin Air Cond,5/14/2019 12:49,10.3,10.3Â° C,100,2019-05-14,-20.118006284435147
73904,be6264bc-1e3c-4749-8fb6-c68840af05e3,339948,Temperature - 339948 @ Admin Air Cond,5/14/2019 12:59,10.6,10.6Â° C,100,2019-05-14,-19.818582783208967
73908,c6681cb1-be9f-4970-8024-5548370fd3e4,339948,Temperature - 339948 @ Admin Air Cond,5/14/2019 13:39,10.4,10.4Â° C,100,2019-05-14,-19.715625620409504
74024,88b49ac7-2414-4580-829e-fa544d4d70c4,339948,Temperature - 339948 @ Admin Air Cond,5/15/2019 8:58,10.6,10.6Â° C,100,2019-05-15,-19.818816218613573
74025,516a158c-14c0-4b39-a905-f745f5d6a959,339948,Temperature - 339948 @ Admin Air Cond,5/15/2019 9:08,10.0,10Â° C,100,2019-05-15,-20.440445348966335
74031,2ac4899f-e385-4f7d-9e9e-33619dadc3a3,339948,Temperature - 339948 @ Admin Air Cond,5/15/2019 10:08,10.6,10.6Â° C,100,2019-05-15,-19.903976936890558
74032,b40142e7-2ef9-4e90-9fb3-dd849121a9cf,339948,Temperature - 339948 @ Admin Air Cond,5/15/2019 10:18,10.8,10.8Â° C,98,2019-05-15,-19.835587918422995
74036,94baa0ff-e8cd-4056-9e5b-baf85c2d8e23,339948,Temperature - 339948 @ Admin Air Cond,5/15/2019 10:58,10.9,10.9Â° C,100,2019-05-15,-19.741523677583608
74164,87c80e4c-d445-4015-bcdb-e94b992f22a6,339948,Temperature - 339948 @ Admin Air Cond,5/16/2019 8:16,10.7,10.7Â° C,100,2019-05-16,-19.727140214383436
74165,4cf22a4a-cfe6-409f-b495-e52cce59bf5b,339948,Temperature - 339948 @ Admin Air Cond,5/16/2019 8:26,10.3,10.3Â° C,100,2019-05-16,-20.14876968553432
74166,f4fbb1c6-9fa1-4e03-9c60-9c0b77817101,339948,Temperature - 339948 @ Admin Air Cond,5/16/2019 8:36,10.6,10.6Â° C,100,2019-05-16,-19.85805795886305
74167,5155e3f5-fa80-455c-8f6f-3d5048cebe07,339948,Temperature - 339948 @ Admin Air Cond,5/16/2019 8:46,10.3,10.3Â° C,100,2019-05-16,-20.179687430013935
74310,52116720-84b1-4daf-adc8-302eda1d7cd9,339948,Temperature - 339948 @ Admin Air Cond,5/17/2019 8:35,10.1,10.1Â° C,100,2019-05-17,-20.27018006953174
74311,27228e8e-260d-4eb6-b38b-fe5b37121e3a,339948,Temperature - 339948 @ Admin Air Cond,5/17/2019 8:45,10.6,10.6Â° C,100,2019-05-17,-19.920666165002032
74312,ffd7cdc9-313e-4cfe-bf1f-a6efd1d85040,339948,Temperature - 339948 @ Admin Air Cond,5/17/2019 8:55,9.8,9.8Â° C,100,2019-05-17,-20.852277487332593
74313,ab49fb6c-fe62-49ee-b6b2-dc0445ad3acd,339948,Temperature - 339948 @ Admin Air Cond,5/17/2019 9:05,10.7,10.7Â° C,100,2019-05-17,-20.07299951746714
74314,3f34ffe6-f97e-487d-bd68-74cc5264cf6b,339948,Temperature - 339948 @ Admin Air Cond,5/17/2019 9:15,10.7,10.7Â° C,100,2019-05-17,-20.11259632074143
74315,45021874-3593-49da-9631-58f279e9f3a5,339948,Temperature - 339948 @ Admin Air Cond,5/17/2019 9:25,10.6,10.6Â° C,100,2019-05-17,-20.091031599514814
74317,befb27b4-ba37-4f0d-a5ce-62977c46e0db,339948,Temperature - 339948 @ Admin Air Cond,5/17/2019 9:45,10.8,10.8Â° C,100,2019-05-17,-19.756250614411854
75897,b3b3a25b-d1ad-4982-9d63-f7d158735fb2,339948,Temperature - 339948 @ Admin Air Cond,5/28/2019 8:40,10.3,10.3Â° C,100,2019-05-28,-19.902636419241137
75918,a4f8d24d-e5f9-4190-a1a7-7503ee535816,339948,Temperature - 339948 @ Admin Air Cond,5/28/2019 12:10,9.8,9.8Â° C,100,2019-05-28,-19.91333016830338
75942,0e993915-8180-476f-8457-6fa392d4c8db,339948,Temperature - 339948 @ Admin Air Cond,5/28/2019 16:10,10.3,10.3Â° C,100,2019-05-28,-19.755213933465424
76040,5fdb851b-525a-4372-b81c-91ff2d484a12,339948,Temperature - 339948 @ Admin Air Cond,5/29/2019 8:19,10.0,10Â° C,100,2019-05-29,-20.13588455788068
76064,8898d069-1814-4150-b5d8-169970df27cd,339948,Temperature - 339948 @ Admin Air Cond,5/29/2019 12:08,10.0,10Â° C,100,2019-05-29,-19.74791710555491
76065,4fb8a073-1e4f-4ab4-82a4-29c14ffffd3c,339948,Temperature - 339948 @ Admin Air Cond,5/29/2019 12:18,9.9,9.9Â° C,100,2019-05-29,-19.855768323042728
76066,c12c381d-6e81-4be6-bfa0-ea4fca719f33,339948,Temperature - 339948 @ Admin Air Cond,5/29/2019 12:28,10.0,10Â° C,100,2019-05-29,-19.89834681325781
76067,9cd4ee7a-05d8-41d3-9bf7-fabc1fe17abd,339948,Temperature - 339948 @ Admin Air Cond,5/29/2019 12:38,10.0,10Â° C,100,2019-05-29,-19.970016212563806
76068,b6d0d6f1-beef-4208-9548-cb3c07dc8cb9,339948,Temperature - 339948 @ Admin Air Cond,5/29/2019 12:48,10.3,10.3Â° C,100,2019-05-29,-19.775867430051616
76069,5157121c-b760-4cd6-8bdc-36ff65124ee2,339948,Temperature - 339948 @ Admin Air Cond,5/29/2019 12:58,10.3,10.3Â° C,100,2019-05-29,-19.726264102084883
76186,c2452a2e-061f-48d7-81e3-f49e0e24d287,339948,Temperature - 339948 @ Admin Air Cond,5/30/2019 8:27,10.0,10Â° C,100,2019-05-30,-19.730140894438208
77226,c638aeb7-03ed-4a71-9031-d6ef07fa8754,339948,Temperature - 339948 @ Admin Air Cond,6/6/2019 13:37,10.6,10.6Â° C,100,2019-06-06,-19.882189606477343
77227,b042167f-e3e7-4417-a225-fb83cd054684,339948,Temperature - 339948 @ Admin Air Cond,6/6/2019 13:47,10.4,10.4Â° C,100,2019-06-06,-19.913802053348814
